fecha,Volumen
2015-01-02,20.25
2015-01-03,50.67
2015-01-04,39.635
2015-01-05,11.75
2015-01-06,10.25
2015-01-07,7
2015-01-08,8
2015-01-09,15
2015-01-10,38.8
2015-01-11,54.79
2015-01-12,11
2015-01-13,12.5
2015-01-14,11.065
2015-01-15,6.5
2015-01-16,13.97
2015-01-17,29.9
2015-01-18,63.95
2015-01-19,6.42
2015-01-20,8.45
2015-01-21,3.385
2015-01-22,17
2015-01-23,20.075
2015-01-24,36.7
2015-01-25,37.5
2015-01-26,12.5
2015-01-27,4.75
2015-01-28,13.605
2015-01-29,14.2
2015-01-30,16.75
2015-01-31,19.7
2015-02-01,47.75
2015-02-02,23.9
2015-02-03,9.25
2015-02-04,10.25
2015-02-05,6.5
2015-02-06,21.6
2015-02-07,42.45
2015-02-08,37.95
2015-02-09,9.95
2015-02-10,3
2015-02-11,8.753
2015-02-12,9
2015-02-13,18
2015-02-14,40.8
2015-02-15,40.4
2015-02-16,12
2015-02-17,14.5
2015-02-18,3.2
2015-02-19,9.115
2015-02-20,3
2015-02-21,37
2015-02-22,36.95
2015-02-23,5.5
2015-02-24,7.5
2015-02-25,6.25
2015-02-26,17.35
2015-02-27,9
2015-02-28,35.65
2015-03-01,46.75
2015-03-02,9.2
2015-03-03,15.2
2015-03-04,9.45
2015-03-05,6.75
2015-03-06,7.435
2015-03-07,29.55
2015-03-08,57.25
2015-03-09,6.5
2015-03-10,7.75
2015-03-11,16.5
2015-03-12,6
2015-03-13,6.3
2015-03-14,35.45
2015-03-15,42.7
2015-03-16,28.2
2015-03-17,11.2
2015-03-18,10.3
2015-03-19,8.85
2015-03-20,8.05
2015-03-21,23
2015-03-22,47.2
2015-03-23,11.1
2015-03-24,15
2015-03-25,7.8
2015-03-26,10.45
2015-03-27,5.25
2015-03-28,34.15
2015-03-29,30.85
2015-03-30,9.3
2015-03-31,21.5
2015-04-01,31
2015-04-04,37.07
2015-04-05,48.78
2015-04-06,6.8
2015-04-07,16.5
2015-04-08,11.75
2015-04-09,11.665
2015-04-10,20.22
2015-04-11,20.75
2015-04-12,33.15
2015-04-13,6
2015-04-14,7.25
2015-04-15,11
2015-04-16,8
2015-04-17,21.25
2015-04-18,26.75
2015-04-19,28.2
2015-04-20,7.5
2015-04-21,9.05
2015-04-22,6.5
2015-04-23,8.5
2015-04-24,23
2015-04-25,21.15
2015-04-26,41.05
2015-04-27,6.5
2015-04-28,8.5
2015-04-29,12.5
2015-04-30,11
2015-05-01,61.25
2015-05-03,22.18
2015-05-04,3.05
2015-05-05,11.8
2015-05-06,12.05
2015-05-07,4.9
2015-05-08,18
2015-05-09,20.15
2015-05-10,96.55
2015-05-11,7.5
2015-05-12,5.77
2015-05-13,11
2015-05-14,36.45
2015-05-16,31.1
2015-05-17,32.65
2015-05-18,8.25
2015-05-19,13.25
2015-05-20,15
2015-05-21,12
2015-05-22,16.25
2015-05-23,33.75
2015-05-24,29.75
2015-05-25,11.75
2015-05-26,5
2015-05-27,5.655
2015-05-28,14.3
2015-05-29,12
2015-05-30,33.85
2015-05-31,39.25
2015-06-01,8.75
2015-06-02,9.3
2015-06-03,9.85
2015-06-04,13.7
2015-06-05,16.25
2015-06-06,42.8
2015-06-07,44.125
2015-06-08,6.75
2015-06-09,10.25
2015-06-10,4.2
2015-06-11,11.2
2015-06-12,17.5
2015-06-13,25.85
2015-06-14,39.8
2015-06-15,8.4
2015-06-16,13.25
2015-06-17,5.3
2015-06-18,12.255
2015-06-19,12.65
2015-06-20,26.3
2015-06-21,72.8
2015-06-22,2
2015-06-23,8
2015-06-24,8.25
2015-06-25,7
2015-06-26,10
2015-06-27,24.745
2015-06-28,38.5
2015-06-29,5.7
2015-06-30,13
2015-07-01,8.89
2015-07-02,7.5
2015-07-03,20.3
2015-07-04,24.5
2015-07-05,46
2015-07-06,7
2015-07-07,5.75
2015-07-08,11.35
2015-07-09,10.3
2015-07-10,9.5
2015-07-11,23.7
2015-07-12,44
2015-07-13,7.7
2015-07-14,12.6
2015-07-15,10.8
2015-07-16,25.45
2015-07-17,11.45
2015-07-18,16.95
2015-07-19,28.8
2015-07-20,3.25
2015-07-21,8.05
2015-07-22,22
2015-07-23,8
2015-07-24,15.5
2015-07-25,25.6
2015-07-27,11
2015-07-28,9.45
2015-07-29,10.4
2015-07-30,5.3
2015-07-31,27.5
2015-08-01,32.2
2015-08-02,32.05
2015-08-03,8.6
2015-08-04,2.5
2015-08-05,7.2
2015-08-06,6.7
2015-08-07,5
2015-08-08,24.85
2015-08-09,33.3
2015-08-10,6.25
2015-08-11,5.7
2015-08-12,4.5
2015-08-13,10.6
2015-08-14,13.45
2015-08-15,39.1
2015-08-16,28.05
2015-08-17,7.7
2015-08-18,9.2
2015-08-19,12
2015-08-20,10.8
2015-08-21,10.5
2015-08-22,15.75
2015-08-23,36.25
2015-08-24,7.2
2015-08-25,5
2015-08-26,11.5
2015-08-27,10.3
2015-08-28,12.2
2015-08-29,29.25
2015-08-30,49.8
2015-08-31,5.5
2015-09-01,7.55
2015-09-02,9
2015-09-03,10
2015-09-04,9
2015-09-05,17.8
2015-09-06,25
2015-09-07,15.8
2015-09-09,10.2
2015-09-10,8.45
2015-09-11,11.25
2015-09-12,44.65
2015-09-13,40.45
2015-09-14,10.1
2015-09-15,4.85
2015-09-16,19.225
2015-09-17,3
2015-09-18,14.3
2015-09-19,34
2015-09-20,54.1
2015-09-21,8
2015-09-22,6.4
2015-09-23,10.2
2015-09-24,10
2015-09-25,8.75
2015-09-26,34
2015-09-27,40
2015-09-28,4
2015-09-29,12.6
2015-09-30,8
2015-10-01,24.45
2015-10-03,68.32
2015-10-05,5.5
2015-10-06,9
2015-10-07,15.75
2015-10-08,9.95
2015-10-09,22.25
2015-10-10,9.75
2015-10-11,42.75
2015-10-12,10
2015-10-13,8
2015-10-14,6.25
2015-10-15,5.1
2015-10-16,4.45
2015-10-17,30.51
2015-10-18,33.25
2015-10-19,7.25
2015-10-20,7.4
2015-10-21,2.95
2015-10-22,6
2015-10-23,9.3
2015-10-24,33.605
2015-10-25,41.65
2015-10-26,7.75
2015-10-27,2
2015-10-28,6.5
2015-10-29,12.67
2015-10-30,14.05
2015-10-31,19.75
2015-11-01,34.035
2015-11-02,16.5
2015-11-03,2.5
2015-11-04,4.3
2015-11-05,7.95
2015-11-06,16.35
2015-11-07,29.5
2015-11-08,34.5
2015-11-09,1
2015-11-10,11.45
2015-11-11,8
2015-11-12,11
2015-11-13,9.85
2015-11-14,14.9
2015-11-15,34.7
2015-11-16,21
2015-11-17,11.35
2015-11-18,10.25
2015-11-19,5
2015-11-20,17
2015-11-21,14
2015-11-22,30.35
2015-11-23,7.8
2015-11-24,6.55
2015-11-25,14.5
2015-11-26,4
2015-11-27,20.85
2015-11-28,36.45
2015-11-29,37.3
2015-11-30,6.5
2015-12-01,10.75
2015-12-02,9
2015-12-03,8.45
2015-12-04,13.25
2015-12-05,31.8
2015-12-06,42.216
2015-12-07,6.25
2015-12-08,14.405
2015-12-09,3.75
2015-12-10,15.25
2015-12-11,25
2015-12-12,19.15
2015-12-13,24.65
2015-12-14,12.45
2015-12-15,9.5
2015-12-16,19.3
2015-12-17,27.85
2015-12-18,14.2
2015-12-19,29.05
2015-12-20,40.9
2015-12-21,9.8
2015-12-22,6.05
2015-12-23,17.935
2015-12-24,16.75
2015-12-26,9
2015-12-27,32.05
2015-12-28,12.3
2015-12-29,12.5
2015-12-30,14.825
2015-12-31,7.5
2016-01-02,14.85
2016-01-03,54.3
2016-01-05,6.5
2016-01-08,9.155
2016-01-09,21
2016-01-10,41.045
2016-01-11,5.16
2016-01-12,6.12
2016-01-13,11.5
2016-01-14,7.35
2016-01-15,17.45
2016-01-16,33.27
2016-01-17,44.8
2016-01-18,7.2
2016-01-19,2.3
2016-01-20,2.25
2016-01-21,3.7
2016-01-22,13.8
2016-01-23,21.685
2016-01-24,41.695
2016-01-25,4.9
2016-01-26,7.55
2016-01-27,9.3
2016-01-28,7.5
2016-01-29,17.94
2016-01-30,23.63
2016-01-31,36.345
2016-02-01,20.6
2016-02-02,4.035
2016-02-03,10.375
2016-02-04,10.815
2016-02-05,12.635
2016-02-06,23.46
2016-02-07,52.37
2016-02-08,9.36
2016-02-09,11.5
2016-02-10,5.5
2016-02-11,13.445
2016-02-12,2.5
2016-02-13,29.859
2016-02-14,52.01
2016-02-15,3.5
2016-02-16,7.5
2016-02-17,7.93
2016-02-18,7.55
2016-02-19,10.7
2016-02-20,31.061
2016-02-21,40.25
2016-02-22,8.05
2016-02-23,8
2016-02-24,11.705
2016-02-25,6.45
2016-02-26,9.88
2016-02-27,49.1
2016-02-28,49.075
2016-02-29,7.75
2016-03-01,7.95
2016-03-02,5
2016-03-03,10.75
2016-03-04,6.558
2016-03-05,53.18
2016-03-06,60.551
2016-03-07,8.8
2016-03-08,8.25
2016-03-09,4.975
2016-03-10,11.9
2016-03-11,20.6
2016-03-12,35.227
2016-03-13,55.25
2016-03-14,9.95
2016-03-15,17.902
2016-03-17,10.4
2016-03-18,9.75
2016-03-19,53.97
2016-03-20,42.52
2016-03-21,14.635
2016-03-22,15
2016-03-23,9.948
2016-03-26,38.455
2016-03-27,61.86
2016-03-28,11.75
2016-03-29,5.6
2016-03-30,4
2016-03-31,12.95
2016-04-01,7.8
2016-04-02,33.945
2016-04-03,44
2016-04-04,9.175
2016-04-05,4.95
2016-04-06,1
2016-04-07,5.5
2016-04-08,15.7
2016-04-09,31.54
2016-04-10,38.775
2016-04-11,9.35
2016-04-12,3
2016-04-13,7.55
2016-04-14,13.25
2016-04-15,21.5
2016-04-16,20.4
2016-04-17,29.57
2016-04-18,7.2
2016-04-19,5.545
2016-04-20,2
2016-04-21,5
2016-04-22,23.45
2016-04-23,30.6
2016-04-24,55.9
2016-04-25,5.25
2016-04-26,7
2016-04-27,8
2016-04-28,13
2016-04-29,7.5
2016-04-30,33.27
2016-05-01,50.9
2016-05-02,7.4
2016-05-03,7.75
2016-05-04,6.75
2016-05-05,10.6
2016-05-06,14
2016-05-07,30.25
2016-05-08,31.35
2016-05-09,7.05
2016-05-10,74.375
2016-05-12,3
2016-05-13,12.365
2016-05-14,29.1
2016-05-15,53.61
2016-05-16,8.35
2016-05-17,3.35
2016-05-18,3.25
2016-05-19,13.95
2016-05-20,19.35
2016-05-21,26.5
2016-05-22,28.64
2016-05-23,8.89
2016-05-24,9.25
2016-05-25,1.175
2016-05-26,7.45
2016-05-27,16.75
2016-05-28,25.8
2016-05-29,49.923
2016-05-30,10.837
2016-05-31,15.735
2016-06-01,12
2016-06-02,15
2016-06-03,28
2016-06-04,22.26
2016-06-05,58.95
2016-06-06,6.5
2016-06-07,5.5
2016-06-08,9
2016-06-09,9.5
2016-06-10,25.4
2016-06-11,38.48
2016-06-12,49.23
2016-06-13,3.25
2016-06-14,3
2016-06-15,4.75
2016-06-16,13
2016-06-17,12.1
2016-06-18,26.8
2016-06-19,103.07
2016-06-20,10.45
2016-06-21,6.6
2016-06-22,7.7
2016-06-23,8.5
2016-06-24,12.15
2016-06-25,24.8
2016-06-26,43
2016-06-27,11.2
2016-06-28,11.82
2016-06-29,3
2016-06-30,10.095
2016-07-01,29.47
2016-07-02,22.47
2016-07-03,55
2016-07-04,13.6
2016-07-05,10.06
2016-07-06,4.75
2016-07-07,12.3
2016-07-08,21.8
2016-07-09,24.45
2016-07-10,49.1
2016-07-11,9
2016-07-12,10.5
2016-07-13,1.75
2016-07-14,16.25
2016-07-15,12.8
2016-07-16,31.537
2016-07-17,33.93
2016-07-18,10.2
2016-07-19,14.1
2016-07-20,0.9
2016-07-21,8
2016-07-22,20.55
2016-07-23,26.55
2016-07-24,53.92
2016-07-25,11.16
2016-07-26,4.5
2016-07-27,5
2016-07-28,6
2016-07-29,23.75
2016-07-30,36.4
2016-07-31,42.675
2016-08-01,6.1
2016-08-02,6.225
2016-08-03,4.5
2016-08-04,14
2016-08-05,16.5
2016-08-06,33.75
2016-08-07,46.435
2016-08-08,7.35
2016-08-09,8.2
2016-08-10,1
2016-08-11,17.7
2016-08-12,15.3
2016-08-13,24.05
2016-08-14,35.415
2016-08-15,5.5
2016-08-16,10.63
2016-08-17,1.5
2016-08-18,8.3
2016-08-19,5.2
2016-08-20,15.5
2016-08-21,65.16
2016-08-22,7.25
2016-08-23,2.5
2016-08-24,0.7
2016-08-25,7.8
2016-08-26,9.8
2016-08-27,33.78
2016-08-28,53.7
2016-08-29,3.8
2016-08-30,5.5
2016-08-31,3.7
2016-09-01,18.95
2016-09-02,15.8
2016-09-03,20.12
2016-09-04,53.55
2016-09-05,6.7
2016-09-06,9.85
2016-09-07,4.1
2016-09-08,5.25
2016-09-09,15.45
2016-09-10,35
2016-09-11,51.2
2016-09-12,15.5
2016-09-13,8.25
2016-09-14,3.55
2016-09-15,26
2016-09-16,46
2016-09-17,52.41
2016-09-19,5.5
2016-09-20,7
2016-09-21,5.2
2016-09-22,7.865
2016-09-23,13.1
2016-09-24,36.6
2016-09-25,55.8
2016-09-26,3
2016-09-27,3.75
2016-09-28,8
2016-09-29,13.32
2016-09-30,8.175
2016-10-01,31.25
2016-10-02,47.05
2016-10-03,3
2016-10-04,4
2016-10-05,19.5
2016-10-06,9.8
2016-10-07,20.95
2016-10-08,26.9
2016-10-09,40.24
2016-10-10,10.8
2016-10-11,12.7
2016-10-12,11.38
2016-10-13,12.1
2016-10-14,17.315
2016-10-15,31.45
2016-10-16,43.85
2016-10-17,7.365
2016-10-18,6.909
2016-10-19,9.55
2016-10-20,6.04
2016-10-21,8.85
2016-10-22,25.01
2016-10-23,53.3
2016-10-24,2.6
2016-10-25,7.55
2016-10-26,16.5
2016-10-27,6
2016-10-28,20.85
2016-10-29,35.11
2016-10-30,45.43
2016-10-31,16.38
2016-11-01,12.9
2016-11-02,32.15
2016-11-03,6.5
2016-11-04,13.35
2016-11-05,28.81
2016-11-06,36.45
2016-11-07,7.15
2016-11-08,12.5
2016-11-09,11.75
2016-11-10,4.35
2016-11-11,4.5
2016-11-12,29.68
2016-11-13,50.8
2016-11-14,5.75
2016-11-15,10.5
2016-11-16,10.3
2016-11-17,8
2016-11-18,10.75
2016-11-19,6.25
2016-11-20,19.55
2016-11-21,8
2016-11-22,4.5
2016-11-23,14.25
2016-11-24,10.9
2016-11-25,5.25
2016-11-26,26.625
2016-11-27,47.65
2016-11-28,10.45
2016-11-29,10.55
2016-11-30,12.35
2016-12-01,20.24
2016-12-02,13.25
2016-12-03,35.5
2016-12-04,51.75
2016-12-05,10.98
2016-12-06,9.3
2016-12-07,7.2
2016-12-08,3.85
2016-12-09,11.05
2016-12-10,21.41
2016-12-11,39.3
2016-12-12,10.55
2016-12-13,11.75
2016-12-14,12.35
2016-12-15,7.5
2016-12-16,12.25
2016-12-17,27.5
2016-12-18,40.65
2016-12-19,12
2016-12-20,8.25
2016-12-21,20.35
2016-12-22,12.5
2016-12-23,18.04
2016-12-24,23.2
2016-12-26,21.84
2016-12-27,17
2016-12-28,17.15
2016-12-29,26.5
2016-12-30,12
2016-12-31,22.91
2017-01-02,32.25
2017-01-03,15.9
2017-01-04,14.13
2017-01-05,13.62
2017-01-06,15.45
2017-01-07,26.5
2017-01-08,34.75
2017-01-09,6.35
2017-01-10,5.87
2017-01-11,15.75
2017-01-12,10.25
2017-01-13,15.8
2017-01-14,42.45
2017-01-15,47.85
2017-01-16,6.5
2017-01-17,6.2
2017-01-18,6.5
2017-01-19,10
2017-01-20,18.84
2017-01-21,37.45
2017-01-22,53.75
2017-01-23,4.95
2017-01-24,7
2017-01-25,4.2
2017-01-26,5.75
2017-01-27,27.35
2017-01-28,34.15
2017-01-29,55.7
2017-01-30,7
2017-01-31,5
2017-02-01,7.5
2017-02-02,7.7
2017-02-03,17.75
2017-02-04,23.1
2017-02-05,37.5
2017-02-06,30
2017-02-07,4.5
2017-02-08,9
2017-02-09,21.8
2017-02-10,13.75
2017-02-11,27.7
2017-02-12,30.75
2017-02-13,4.84
2017-02-14,17.3
2017-02-15,9.31
2017-02-16,5
2017-02-17,15.2
2017-02-18,39.4
2017-02-19,46.7
2017-02-20,12.305
2017-02-21,10.25
2017-02-22,13.2
2017-02-23,9.635
2017-02-24,15.821
2017-02-25,23.887
2017-02-26,48.59
2017-02-27,9.7
2017-02-28,5.3
2017-03-01,7.6
2017-03-02,5
2017-03-03,9.345
2017-03-04,10.281
2017-03-05,46.579
2017-03-06,4
2017-03-07,3.67
2017-03-08,14.75
2017-03-09,11.95
2017-03-10,3.05
2017-03-11,28.413
2017-03-12,39.993
2017-03-13,9.13
2017-03-14,3.3
2017-03-15,13.5
2017-03-16,11.753
2017-03-17,4.135
2017-03-18,21.556
2017-03-19,31.8
2017-03-20,25.7
2017-03-21,8.7
2017-03-22,10.507
2017-03-23,10.79
2017-03-24,6
2017-03-25,29.27
2017-03-26,40.1
2017-03-27,3.5
2017-03-28,3.5
2017-03-29,8.53
2017-03-30,6.525
2017-03-31,6.653
2017-04-01,34.663
2017-04-02,40.241
2017-04-03,5.95
2017-04-04,13.65
2017-04-05,11.7
2017-04-06,12.453
2017-04-07,10.7
2017-04-08,24.005
2017-04-09,45.57
2017-04-10,15.4
2017-04-11,6.6
2017-04-12,21.45
2017-04-15,19.7
2017-04-16,37.406
2017-04-17,4.25
2017-04-18,9.25
2017-04-19,8
2017-04-20,10.5
2017-04-21,8.4
2017-04-22,19.095
2017-04-23,52.35
2017-04-24,11.25
2017-04-25,10.45
2017-04-26,7
2017-04-27,13.5
2017-04-28,16.423
2017-04-29,37.655
2017-04-30,40.4
2017-05-01,25.915
2017-05-02,11.603
2017-05-03,9
2017-05-04,12
2017-05-05,13.7
2017-05-06,37.77
2017-05-07,20.55
2017-05-08,8.8
2017-05-09,6.6
2017-05-10,63.55
2017-05-11,8
2017-05-12,11.9
2017-05-13,32.75
2017-05-14,35.2
2017-05-15,14.82
2017-05-16,4.5
2017-05-17,9
2017-05-18,11.75
2017-05-19,10.235
2017-05-20,29.4
2017-05-21,47.165
2017-05-22,5.25
2017-05-23,8.4
2017-05-24,11
2017-05-25,13.75
2017-05-26,13
2017-05-27,22.1
2017-05-28,40.95
2017-05-29,4.75
2017-05-30,8.25
2017-05-31,11
2017-06-01,18
2017-06-02,5
2017-06-03,21.5
2017-06-04,37.12
2017-06-05,7
2017-06-06,3.6
2017-06-07,14.45
2017-06-08,9
2017-06-09,9.28
2017-06-10,21.98
2017-06-11,37.262
2017-06-12,4
2017-06-13,5.75
2017-06-14,14.28
2017-06-15,5.142
2017-06-16,13.25
2017-06-17,26.753
2017-06-18,70.059
2017-06-19,3.75
2017-06-20,2.3
2017-06-21,7.6
2017-06-22,11.406
2017-06-23,9
2017-06-24,24.106
2017-06-25,23.72
2017-06-26,4.75
2017-06-27,12.32
2017-06-28,16
2017-06-29,24.87
2017-06-30,16
2017-07-01,13.14
2017-07-02,38.755
2017-07-03,7.86
2017-07-04,6.07
2017-07-05,14.5
2017-07-06,8
2017-07-07,26.551
2017-07-08,33.003
2017-07-09,34.75
2017-07-10,6.25
2017-07-11,15.402
2017-07-12,10
2017-07-13,21
2017-07-14,12.045
2017-07-15,16.525
2017-07-16,34.36
2017-07-17,8.63
2017-07-18,6.46
2017-07-19,10.5
2017-07-20,12.105
2017-07-21,18.15
2017-07-22,24.35
2017-07-23,44.156
2017-07-24,4.75
2017-07-25,7.7
2017-07-26,15
2017-07-27,19.5
2017-07-28,11.583
2017-07-29,27.384
2017-07-30,34.309
2017-07-31,16.75
2017-08-01,3.695
2017-08-02,9.25
2017-08-03,19.756
2017-08-04,7.206
2017-08-05,34.203
2017-08-06,39.903
2017-08-07,13
2017-08-08,8
2017-08-09,7.9
2017-08-10,10.7
2017-08-11,7.4
2017-08-12,41.506
2017-08-13,46.85
2017-08-14,3.519
2017-08-15,10.5
2017-08-16,17
2017-08-17,26.35
2017-08-18,24
2017-08-19,31.653
2017-08-20,44.608
2017-08-21,9.405
2017-08-22,11.7537
2017-08-23,16.7
2017-08-24,11.753
2017-08-25,15.95
2017-08-26,42.2
2017-08-27,50.265
2017-08-28,10.95
2017-08-29,10.61
2017-08-30,25
2017-08-31,16.5
2017-09-01,24.807
2017-09-02,34.05
2017-09-03,56.335
2017-09-04,5.5
2017-09-05,8.251
2017-09-06,6.78
2017-09-07,13.5
2017-09-08,14.4
2017-09-09,45.604
2017-09-10,49.218
2017-09-11,9.55
2017-09-12,10.75
2017-09-13,17.5
2017-09-14,21.002
2017-09-15,14.1
2017-09-16,31.916
2017-09-17,51.575
2017-09-18,7.7
2017-09-19,7.25
2017-09-20,17.253
2017-09-21,9
2017-09-22,21.25
2017-09-23,30.65
2017-09-24,52.003
2017-09-25,4.102
2017-09-26,9.355
2017-09-27,16.95
2017-09-28,23.75
2017-09-29,15.7
2017-09-30,22.306
2017-10-01,46.466
2017-10-02,16.133
2017-10-04,21.82
2017-10-05,22.104
2017-10-06,8.8
2017-10-07,33.6
2017-10-08,27.85
2017-10-09,10.95
2017-10-10,11.7
2017-10-11,15.65
2017-10-12,11.753
2017-10-13,12.275
2017-10-14,38.22
2017-10-15,49.224
2017-10-16,6.95
2017-10-17,9.4
2017-10-18,15
2017-10-19,18.17
2017-10-20,13.147
2017-10-21,40.53
2017-10-22,41.052
2017-10-23,7
2017-10-24,6.75
2017-10-25,23.25
2017-10-26,15.75
2017-10-27,12
2017-10-28,31.306
2017-10-29,47.452
2017-10-30,5
2017-10-31,17
2017-11-01,20.1
2017-11-02,29.205
2017-11-03,12
2017-11-04,35.586
2017-11-05,41.556
2017-11-06,11.05
2017-11-07,12.15
2017-11-08,18.35
2017-11-09,19.5
2017-11-10,14
2017-11-11,28.05
2017-11-12,58.665
2017-11-13,6.853
2017-11-14,9.83
2017-11-15,12.853
2017-11-16,34.55
2017-11-17,19.927
2017-11-18,31.4
2017-11-19,54.15
2017-11-20,27.75
2017-11-21,8.46377
2017-11-22,14.25
2017-11-23,15.6
2017-11-24,15.154
2017-11-25,32.4
2017-11-26,60.903
2017-11-27,11
2017-11-28,9.3
2017-11-29,20
2017-11-30,20.101
2017-12-01,14.45
2017-12-02,26.415
2017-12-03,48.406
2017-12-04,7.95
2017-12-05,5.8
2017-12-06,16
2017-12-07,24.92
2017-12-08,20.7
2017-12-09,28.353
2017-12-10,57.795
2017-12-11,7.5
2017-12-12,10.6
2017-12-13,15.056
2017-12-14,42.60601
2017-12-15,72.85976
2017-12-16,49.65
2017-12-17,67.275
2017-12-18,17.09301
2017-12-20,34.286
2017-12-21,27.35251
2017-12-22,28.94
2017-12-23,31.45
2017-12-24,10.6
2017-12-26,12.05
2017-12-27,20
2017-12-28,11.62
2017-12-29,26.25
2017-12-30,21.91551
2017-12-31,18.535
2018-01-02,20.75
2018-01-03,17.353
2018-01-04,18.5
2018-01-05,17.07128
2018-01-06,41.06502
2018-01-07,36.24753
2018-01-08,8.56
2018-01-09,7.25
2018-01-10,23.3
2018-01-11,25.9
2018-01-12,14.24
2018-01-13,31.25901
2018-01-14,46.103
2018-01-15,6
2018-01-16,10.83
2018-01-17,18
2018-01-18,19.40377
2018-01-19,25.65628
2018-01-20,38.05
2018-01-21,34.40754
2018-01-22,7.7
2018-01-23,9.815
2018-01-24,13.406
2018-01-25,17.5
2018-01-26,14.82775
2018-01-27,29.96186
2018-01-28,43.75742
2018-01-29,5
2018-01-30,7.6
2018-01-31,25.65694
2018-02-01,9.9677
2018-02-02,24.88
2018-02-03,37.3477
2018-02-04,45.735
2018-02-05,15.04847
2018-02-06,9.4527
2018-02-07,14.417
2018-02-08,11.14354
2018-02-09,14.7811
2018-02-10,28.4327
2018-02-11,41.13708
2018-02-12,5.4
2018-02-13,11.25
2018-02-14,24.28708
2018-02-15,23.46
2018-02-16,8.86124
2018-02-17,39.305
2018-02-18,39.9438
2018-02-19,11.215
2018-02-20,7.75
2018-02-21,21.7
2018-02-22,9.60993
2018-02-23,8
2018-02-24,27.935
2018-02-25,47.29617
2018-02-26,6.42847
2018-02-27,8.69617
2018-02-28,22.978
2018-03-01,23.2
2018-03-02,13.175
2018-03-03,37.333
2018-03-04,37.98709
2018-03-05,5.95
2018-03-06,8
2018-03-07,21.5
2018-03-08,20.86124
2018-03-09,8.05
2018-03-10,35.2177
2018-03-11,44.12033
2018-03-12,4.47847
2018-03-13,8.4677
2018-03-14,23.8
2018-03-15,27.50497
2018-03-16,3.4177
2018-03-17,30.6677
2018-03-18,37.0584
2018-03-19,32.52347
2018-03-20,3.5
2018-03-21,21.022
2018-03-22,14.17847
2018-03-23,3.1
2018-03-24,11.54234
2018-03-25,25.32847
2018-03-26,11.7177
2018-03-27,2.2177
2018-03-28,15.5
2018-03-31,16.01
2018-04-01,33.7284
2018-04-02,12.67416
2018-04-03,13.3177
2018-04-04,10.47847
2018-04-05,16.19617
2018-04-06,5.4
2018-04-07,43.1031
2018-04-08,50.725
2018-04-09,12.35
2018-04-10,6.295
2018-04-11,15.23541
2018-04-12,21.47847
2018-04-13,22.95647
2018-04-14,31.2177
2018-04-15,49.3
2018-04-16,12.99847
2018-04-17,9.75
2018-04-18,12.25
2018-04-19,14.7
2018-04-20,18.23923
2018-04-21,31.53457
2018-04-22,48.01284
2018-04-23,8.06986
2018-04-24,11.0527
2018-04-25,11
2018-04-26,22
2018-04-27,19.00117
2018-04-28,38.20694
2018-04-29,50.62541
2018-04-30,11.705
2018-05-01,37.11117
2018-05-02,17
2018-05-03,21.60694
2018-05-04,11.45
2018-05-05,28.5
2018-05-06,45.04
2018-05-07,9.15
2018-05-08,10.03708
2018-05-09,26.75
2018-05-10,63.7541
2018-05-11,18.935
2018-05-12,24.46
2018-05-13,54.77387
2018-05-14,5.88158
2018-05-15,12.62847
2018-05-16,16.40493
2018-05-17,12.95
2018-05-18,20
2018-05-19,29.25909
2018-05-20,48.28158
2018-05-21,6.35
2018-05-22,5.5634
2018-05-23,20.57416
2018-05-24,8.93
2018-05-25,13.95
2018-05-26,46.43616
2018-05-27,42.55
2018-05-28,6.25
2018-05-29,11.78923
2018-05-30,15.5
2018-05-31,17.8
2018-06-01,21.47847
2018-06-02,46.92
2018-06-03,45.8677
2018-06-04,12.4677
2018-06-05,15.07847
2018-06-06,15
2018-06-07,8.9
2018-06-08,25.19617
2018-06-09,22.27847
2018-06-10,54.63048
2018-06-11,12.5777
2018-06-12,5.17336
2018-06-13,33.25
2018-06-14,13.88668
2018-06-15,16.59338
2018-06-16,28.22336
2018-06-17,84.79584
2018-06-18,10.15502
2018-06-19,2
2018-06-20,8.81004
2018-06-21,8.61004
2018-06-22,8.02402
2018-06-23,25.88668
2018-06-24,32.39172
2018-06-25,10.25
2018-06-26,5.73668
2018-06-27,16.93668
2018-06-28,14.65502
2018-06-29,16.75
2018-06-30,38.1644
2018-07-01,26.08472
2018-07-02,6.5
2018-07-03,12.2
2018-07-04,33.01004
2018-07-05,13.65502
2018-07-06,13.25
2018-07-07,33.07668
2018-07-08,36.89183
2018-07-09,5
2018-07-10,9.96336
2018-07-11,27.43668
2018-07-12,15.31769
2018-07-13,16.55568
2018-07-14,18.1727
2018-07-15,44.96168
2018-07-16,9.72504
2018-07-17,5.87336
2018-07-18,17.25
2018-07-19,9.5
2018-07-20,12.85502
2018-07-21,25.24651
2018-07-22,49.6417
2018-07-23,7.25
2018-07-24,9.61437
2018-07-25,27.15502
2018-07-26,12.35
2018-07-27,10.65502
2018-07-28,33.29834
2018-07-29,31.12336
2018-07-30,9.3
2018-07-31,6
2018-08-01,18
2018-08-02,12.5
2018-08-03,21.0334
2018-08-04,21.58842
2018-08-05,46.91836
2018-08-06,6.93668
2018-08-07,14.30036
2018-08-08,14.95
2018-08-09,13.99002
2018-08-10,28.18434
2018-08-11,37.68468
2018-08-12,27.46668
2018-08-13,4.76636
2018-08-14,6.8
2018-08-15,16.76834
2018-08-16,8.56836
2018-08-18,2.6
2018-08-19,3
2018-08-21,1.6
2018-08-26,2.5
2018-08-29,2
2018-08-30,13.97
2018-08-31,25.56004
2018-09-01,39.3417
2018-09-02,32.9
2018-09-03,11.2917
2018-09-04,8.905
2018-09-05,18
2018-09-06,6.755
2018-09-07,15.17336
2018-09-08,45.89272
2018-09-09,34.40336
2018-09-10,9.3
2018-09-11,9.46506
2018-09-12,19.75
2018-09-13,11.2717
2018-09-14,13.2
2018-09-15,32.49
2018-09-16,29.39672
2018-09-17,12.96
2018-09-18,6.18668
2018-09-19,19.14672
2018-09-20,12.7667
2018-09-21,26
2018-09-22,33.7751
2018-09-23,55.205
2018-09-24,4.4
2018-09-25,8
2018-09-26,5.5
2018-09-27,12.7
2018-09-28,10.00152
2018-09-29,22.85505
2018-09-30,50.52838
2018-10-01,5.7
2018-10-02,2.23668
2018-10-03,12.08
2018-10-04,10
2018-10-05,21.5
2018-10-06,33.68006
2018-10-07,26.7
2018-10-08,7
2018-10-09,5.5
2018-10-10,21.75
2018-10-11,21.7417
2018-10-12,10.49672
2018-10-13,31.51336
2018-10-14,64.055
2018-10-15,6.97336
2018-10-16,7.75
2018-10-17,7.5
2018-10-18,14.53
2018-10-19,16.625
2018-10-20,23.7467
2018-10-21,41.38
2018-10-22,14.81135
2018-10-23,10.345
2018-10-24,8.81004
2018-10-25,6.86
2018-10-26,9.06768
2018-10-27,32.12336
2018-10-28,46.57336
2018-10-29,5.6
2018-10-30,12.90604
2018-10-31,20
2018-11-01,10.79
2018-11-02,13.18668
2018-11-03,20.27834
2018-11-04,41.27868
2018-11-05,8.59
2018-11-06,9.18668
2018-11-07,19.5
2018-11-08,9.5
2018-11-09,9.77
2018-11-10,21.53661
2018-11-11,48.705
2018-11-12,10.875
2018-11-13,5.96841
2018-11-14,21.5
2018-11-15,11.7
2018-11-16,3.05
2018-11-17,21.7992
2018-11-18,29.95
2018-11-19,14.47
2018-11-20,4
2018-11-21,12.5
2018-11-22,16.08864
2018-11-23,19.17862
2018-11-24,19.34921
2018-11-25,38.78682
2018-11-26,6.95
2018-11-27,17.225
2018-11-28,9.66841
2018-11-29,6.45523
2018-11-30,19.70452
2018-12-01,24.06444
2018-12-02,32.04944
2018-12-03,7.25
2018-12-04,5.37761
2018-12-05,12.91841
2018-12-06,5.5
2018-12-07,11.88682
2018-12-08,32.76262
2018-12-09,40.15
2018-12-10,6.75
2018-12-11,11.16
2018-12-12,11.585
2018-12-13,9
2018-12-14,14
2018-12-15,25.19421
2018-12-16,30.83682
2018-12-17,18.5
2018-12-18,13.91682
2018-12-19,12.9
2018-12-20,15.33682
2018-12-21,21.8
2018-12-22,19.56
2018-12-23,24.9
2018-12-24,9.115
2018-12-26,14.05
2018-12-27,16.26024
2018-12-28,10.11841
2018-12-29,33.90921
2018-12-30,22.51
2018-12-31,12.1
2019-01-02,15.585
2019-01-03,12.3
2019-01-04,5.5
2019-01-05,19.97762
2019-01-06,37.02023
2019-01-07,3.25
2019-01-08,1.7
2019-01-09,8.04603
2019-01-10,8.75
2019-01-11,11.085
2019-01-12,20.95921
2019-01-13,37.115
2019-01-14,5.66841
2019-01-15,4.83682
2019-01-16,10
2019-01-17,12.13
2019-01-18,7.5
2019-01-19,25.6433
2019-01-20,29.89841
2019-01-21,4.04
2019-01-22,4.5
2019-01-23,16.5
2019-01-24,11.62761
2019-01-25,8.615
2019-01-26,24.77921
2019-01-27,30.19205
2019-01-28,3
2019-01-29,8.1
2019-01-30,13.5
2019-01-31,11
2019-02-01,10.5
2019-02-02,21.12421
2019-02-03,35.18887
2019-02-04,8.92762
2019-02-05,4.41841
2019-02-06,7.75
2019-02-07,3.33682
2019-02-08,8.715
2019-02-09,27.02103
2019-02-10,34.58603
2019-02-11,7.1
2019-02-12,8.5
2019-02-13,10.885
2019-02-14,26.29503
2019-02-15,16.83682
2019-02-16,19.20024
2019-02-17,25.42
2019-02-18,1
2019-02-19,11.25
2019-02-20,9.81
2019-02-21,12.2
2019-02-22,18.41182
2019-02-23,22.49509
2019-02-24,42.35709
2019-02-25,4.5
2019-02-26,2
2019-02-27,10.91841
2019-02-28,9.29841
2019-03-01,14.34205
2019-03-02,23.50524
2019-03-03,39.915
2019-03-04,8.77
2019-03-05,2.25
2019-03-06,5.75
2019-03-07,8.04603
2019-03-08,7.425
2019-03-09,26.44603
2019-03-10,33.09023
2019-03-11,5.905
2019-03-12,10.35
2019-03-13,14.05
2019-03-14,11.38182
2019-03-15,14.6
2019-03-16,16.78603
2019-03-17,25.705
2019-03-18,18.09262
2019-03-19,8.00209
2019-03-20,10.16841
2019-03-21,9.14603
2019-03-22,10
2019-03-23,27.66921
2019-03-24,37.40182
2019-03-25,4.5
2019-03-26,3.45
2019-03-27,10.5
2019-03-28,9.37762
2019-03-29,12.35
2019-03-30,25.13421
2019-03-31,34.69262
2019-04-01,2.33
2019-04-02,0.05
2019-04-03,13
2019-04-04,11.7
2019-04-05,9.25
2019-04-06,22.24603
2019-04-07,32.37914
2019-04-08,4.715
2019-04-09,6.75
2019-04-10,14.33841
2019-04-11,8.755
2019-04-12,10.075
2019-04-13,24.40921
2019-04-14,23.54
2019-04-15,8.165
2019-04-16,11.7
2019-04-17,22.82762
2019-04-20,23.03
2019-04-21,24.35
2019-04-22,8.62761
2019-04-23,8.76523
2019-04-24,9.45
2019-04-25,12.775
2019-04-26,6.17
2019-04-27,16.63921
2019-04-28,29.915
2019-04-29,5.5
2019-04-30,5.83682
2019-05-01,16.7
2019-05-02,9.145
2019-05-03,13.00523
2019-05-04,25.59813
2019-05-05,26.27971
2019-05-06,5.5
2019-05-07,2.46444
2019-05-08,14.665
2019-05-09,9.265
2019-05-10,76.37762
2019-05-11,19.31262
2019-05-12,25.55
2019-05-13,5.5284
2019-05-14,9.25
2019-05-15,19.12762
2019-05-16,6.67523
2019-05-17,9.7
2019-05-18,16.13683
2019-05-19,50.05127
2019-05-20,11
2019-05-21,8.25
2019-05-22,9
2019-05-23,9.65
2019-05-24,10.25523
2019-05-25,29.19103
2019-05-26,28.77209
2019-05-27,2.25
2019-05-28,3.5
2019-05-29,20.5
2019-05-30,12
2019-05-31,27.39341
2019-06-01,27.85921
2019-06-02,32.08103
2019-06-03,6.68
2019-06-04,9.19
2019-06-05,15.5
2019-06-06,5.58209
2019-06-07,8.4
2019-06-08,32.44921
2019-06-09,33.59603
2019-06-10,4.88
2019-06-11,6.025
2019-06-12,16.00523
2019-06-13,13.25523
2019-06-14,13
2019-06-15,17.06209
2019-06-16,108.87523
2019-06-17,6.5
2019-06-18,6.57
2019-06-19,13.25523
2019-06-20,8.5
2019-06-21,10.5
2019-06-22,18.33681
2019-06-23,35.325
2019-06-24,2.60182
2019-06-25,9.25532
2019-06-26,17.75
2019-06-27,15.165
2019-06-28,6.75
2019-06-29,22.4677
2019-06-30,30.17893
2019-07-01,6.6
2019-07-02,6.05
2019-07-03,10.5
2019-07-04,12.58
2019-07-05,15.33682
2019-07-06,28.79421
2019-07-07,41.09023
2019-07-08,6.5
2019-07-09,4.5
2019-07-10,16.20023
2019-07-11,8.5
2019-07-12,7.6
2019-07-13,27.85524
2019-07-14,36.785
2019-07-15,6.5
2019-07-16,8.2
2019-07-17,19.12762
2019-07-18,10.13473
2019-07-19,9.08682
2019-07-20,19.9205
2019-07-21,36.29205
2019-07-22,14.955
2019-07-23,7.2
2019-07-24,18.48262
2019-07-25,13.3
2019-07-26,6.25
2019-07-27,12.66946
2019-07-28,28.25
2019-07-29,6.25
2019-07-30,5.83682
2019-07-31,18.5
2019-08-01,3.91841
2019-08-02,7.35
2019-08-03,34.34
2019-08-04,21.5
2019-08-05,5.53682
2019-08-06,4
2019-08-07,8.25
2019-08-08,14
2019-08-09,29.485
2019-08-10,59.56455
2019-08-11,55.533
2019-08-12,1
2019-08-13,9
2019-08-14,13.39
2019-08-15,7.875
2019-08-16,25.5
2019-08-17,41.955
2019-08-18,64.165
2019-08-19,7.15
2019-08-20,6.75
2019-08-21,15.85
2019-08-22,7.25
2019-08-23,16.25
2019-08-24,30.175
2019-08-25,35.88787
2019-08-26,4.55
2019-08-27,4
2019-08-28,15.8
2019-08-29,14.5
2019-08-30,12.25
2019-08-31,40.05865
2019-09-01,26.5
2019-09-02,11.66382
2019-09-03,4.41841
2019-09-04,12
2019-09-05,10.43682
2019-09-06,10.04
2019-09-07,33.4529
2019-09-08,32.8
2019-09-09,3.5
2019-09-10,4.45
2019-09-11,18.32762
2019-09-12,7.43209
2019-09-13,12.3684
2019-09-14,29.79421
2019-09-15,24.035
2019-09-16,17.68
2019-09-17,4.2
2019-09-18,19.49
2019-09-19,10.08682
2019-09-20,6.25
2019-09-21,30.57281
2019-09-22,33.11115
2019-09-23,3
2019-09-24,6
2019-09-25,14.55
2019-09-26,5.5
2019-09-27,11.75
2019-09-28,30.18683
2019-09-29,26.9
2019-09-30,6.17761
2019-10-01,8.37
2019-10-02,11
2019-10-03,15.925
2019-10-04,13.25
2019-10-05,27.90921
2019-10-06,24.55
2019-10-07,12.15
2019-10-08,5.5
2019-10-09,12.18
2019-10-10,5.0368
2019-10-11,9.92762
2019-10-12,22.39785
2019-10-13,38.5
2019-10-14,4.19
2019-10-15,4.33682
2019-10-16,12.25523
2019-10-17,4.365
2019-10-18,10.13682
2019-10-19,16.17365
2019-10-20,27.0005
2019-10-21,2.58682
2019-10-22,8.4
2019-10-23,19.97762
2019-10-24,8.6
2019-10-25,8.45
2019-10-26,17.15126
2019-10-27,26.405
2019-10-28,7.8
2019-10-29,6.5
2019-10-30,12.24393
2019-10-31,13.5
2019-11-01,16.49023
2019-11-02,23.47262
2019-11-03,39.685
2019-11-04,5.25
2019-11-05,4.75
2019-11-06,8.5
2019-11-07,10.99206
2019-11-08,6.295
2019-11-09,21.01653
2019-11-10,40.94
2019-11-11,5
2019-11-12,6.11841
2019-11-13,11.75
2019-11-14,11.01256
2019-11-15,18.88494
2019-11-16,35.61498
2019-11-17,30.56443
2019-11-18,21.45
2019-11-19,4.54603
2019-11-20,10.91841
2019-11-21,6.25105
2019-11-22,10.83682
2019-11-23,19.83683
2019-11-24,31.3
2019-11-25,5.54602
2019-11-26,3.32762
2019-11-27,15.16
2019-11-28,9.245
2019-11-29,17.55
2019-11-30,14.2092
2019-12-01,35.285
2019-12-02,5.145
2019-12-03,13.05523
2019-12-04,20.75523
2019-12-05,20.5
2019-12-06,13.79603
2019-12-07,18.70921
2019-12-08,34.42023
2019-12-09,4.95
2019-12-10,10.75
2019-12-11,13.83682
2019-12-12,7.87865
2019-12-13,9.09785
2019-12-14,11.75
2019-12-15,39.09
2019-12-16,7.54893
2019-12-17,4.6
2019-12-18,5.5
2019-12-19,15.91858
2019-12-20,19
2019-12-21,21.60921
2019-12-22,34.77943
2019-12-23,20.35
2019-12-24,9.475
2019-12-26,17.16
2019-12-27,6.55182
2019-12-28,13.70921
2019-12-29,26.5
2019-12-30,12.85341
2019-12-31,9.95
2020-01-02,11.92054
2020-01-03,3.75
2020-01-04,21.87762
2020-01-05,33.67874
2020-01-06,5.045
2020-01-07,5.08421
2020-01-08,12.83682
2020-01-09,3.41841
2020-01-10,11.51
2020-01-11,29.3713
2020-01-12,41.40209
2020-01-13,3.91841
2020-01-14,10
2020-01-15,23.50209
2020-01-16,4.56103
2020-01-17,6
2020-01-18,11.655
2020-01-19,34.50257
2020-01-20,0.5
2020-01-21,1.84602
2020-01-22,8
2020-01-23,7.105
2020-01-24,8.16182
2020-01-25,26.50921
2020-01-26,36.92209
2020-01-27,3.385
2020-01-28,2
2020-01-29,19.215
2020-01-30,10.66841
2020-01-31,13.385
2020-02-01,25.90921
2020-02-02,29.91826
2020-02-03,18.5
2020-02-04,2.33682
2020-02-05,14.75523
2020-02-06,11
2020-02-07,6
2020-02-08,11.0113
2020-02-09,40.45262
2020-02-10,4.5
2020-02-11,4.53
2020-02-12,11.91841
2020-02-13,9
2020-02-14,18.12762
2020-02-15,11.88421
2020-02-16,38.98222
2020-02-17,7.91841
2020-02-18,3
2020-02-19,7.75
2020-02-20,12.08682
2020-02-21,5
2020-02-22,11.5313
2020-02-23,30.70524
2020-02-24,3.51
2020-02-25,0.5
2020-02-26,5
2020-02-27,8.39392
2020-02-28,4.7
2020-02-29,23.43444
2020-03-01,43.35
2020-03-02,7.61141
2020-03-03,2
2020-03-04,22.5
2020-03-05,10.53892
2020-03-06,16
2020-03-07,38.47179
2020-03-08,70.26004
2020-03-09,16.65326
2020-03-10,4.5
2020-03-11,7.52
2020-03-12,14
2020-03-13,9.85377
2020-03-14,44.85478
2020-03-15,60.02884
2020-03-16,38.145
2020-03-17,11.09
2020-03-18,12.735
2020-03-19,6.5
2020-03-20,4.5
2020-03-21,9.53183
2020-03-22,8.91841
2020-03-23,5.055
2020-03-24,3.08682
2020-03-25,12.3
2020-03-26,13.575
2020-03-27,16.02355
2020-03-28,36.99247
2020-03-29,44.285
2020-03-30,3.485
2020-03-31,9.7172
2020-04-01,9.7722
2020-04-02,8.2572
2020-04-03,5.09
2020-04-04,13.2383
2020-04-05,27.504
2020-04-06,4.56
2020-04-07,4.5
2020-04-08,16.9539
2020-04-09,16.0161
2020-04-11,20.42965
2020-04-12,17.35
2020-04-13,1
2020-04-14,5.5
2020-04-15,11.6
2020-04-16,11.8583
2020-04-17,5.27
2020-04-18,14.56305
2020-04-19,13.72693
2020-04-20,5
2020-04-21,3.5
2020-04-22,24.75
2020-04-23,5.9
2020-04-24,3.8861
2020-04-25,10.79305
2020-04-26,12.5666
2020-04-27,0.5
2020-04-28,7.56
2020-04-29,16.05
2020-04-30,8.42
2020-05-01,4.9361
2020-05-02,16.48245
2020-05-03,12.35
2020-05-04,4
2020-05-05,2.61776
2020-05-06,12.525
2020-05-07,9
2020-05-08,15.9011
2020-05-09,28.3083
2020-05-10,55.975
2020-05-11,5.6
2020-05-12,7.5
2020-05-13,13.4583
2020-05-14,6.9161
2020-05-15,10.2622
2020-05-16,20.10135
2020-05-17,38.95
2020-05-18,7.0222
2020-05-19,3.5
2020-05-20,21.6
2020-05-21,4.5791
2020-05-22,5.855
2020-05-23,33.82805
2020-05-24,39.98349
2020-05-25,2.9
2020-05-26,7.73
2020-05-27,19.93048
2020-05-28,9.69024
2020-05-29,14.25
2020-05-30,37.88222
2020-05-31,34.21849
2020-06-01,7.143
2020-06-02,10.635
2020-06-03,18.8
2020-06-04,12.74349
2020-06-05,14.79373
2020-06-06,36.62587
2020-06-07,39.71524
2020-06-08,3.9
2020-06-09,4.74349
2020-06-10,15.74349
2020-06-11,9.62937
2020-06-12,8.5762
2020-06-13,20.73587
2020-06-14,26.39756
2020-06-15,5.24349
2020-06-16,7.37175
2020-06-17,11.55
2020-06-18,12.98
2020-06-19,5.73349
2020-06-20,37.89349
2020-06-21,72.76643
2020-06-22,14.94609
2020-06-23,6.7
2020-06-24,16.52175
2020-06-25,12.24349
2020-06-26,10.8
2020-06-27,22.51286
2020-06-28,35.80809
2020-06-29,10.40384
2020-06-30,13
2020-07-01,13.5
2020-07-02,16.89349
2020-07-03,7.32
2020-07-04,34.0645
2020-07-05,53.19349
2020-07-06,6
2020-07-07,4.5
2020-07-08,17.24349
2020-07-09,6.42937
2020-07-10,19.565
2020-07-11,27.07936
2020-07-12,38.25762
2020-07-13,8.155
2020-07-14,12.5
2020-07-15,18.25
2020-07-16,7
2020-07-17,11.5
2020-07-18,24.05
2020-07-19,44.9
2020-07-20,10.09349
2020-07-21,7.35111
2020-07-22,14.02937
2020-07-23,9.49349
2020-07-24,10.5
2020-07-25,32.64135
2020-07-26,52.0666
2020-07-27,9.3
2020-07-28,16.175
2020-07-29,14
2020-07-30,8.88024
2020-07-31,8.24349
2020-08-01,28.28158
2020-08-02,33.02286
2020-08-03,5.25
2020-08-04,8
2020-08-05,14.5
2020-08-06,13.87175
2020-08-07,11.26524
2020-08-08,29.902
2020-08-09,32.33
2020-08-10,3.55762
2020-08-11,7.15
2020-08-12,17.12762
2020-08-13,5.45762
2020-08-14,19.24349
2020-08-15,39.77936
2020-08-16,33.1
2020-08-17,2.24349
2020-08-18,5.03
2020-08-19,15.5
2020-08-20,3.17937
2020-08-21,10.17936
2020-08-22,27.16634
2020-08-23,34.80924
2020-08-24,4
2020-08-25,5.1
2020-08-26,13.24349
2020-08-27,13.07937
2020-08-28,25.5
2020-08-29,15.18087
2020-08-30,43.22831
2020-08-31,6.09
2020-09-01,4.05762
2020-09-02,9.75
2020-09-03,6.42762
2020-09-04,10.45
2020-09-05,20.1197
2020-09-06,29.45762
2020-09-07,5
2020-09-08,5.94349
2020-09-09,21.70112
2020-09-10,6
2020-09-11,8.68587
2020-09-12,28.93698
2020-09-13,40.68698
2020-09-14,5
2020-09-15,9.38959
2020-09-16,19.00675
2020-09-17,1.8
2020-09-18,7
2020-09-19,0.5
2020-09-20,4.65
2020-09-21,2.24349
